prefix,tag,count,total,avg_val,first_val,first_step,last_val,last_step,min_val,min_step,max_val,max_step
,acc,10,8.56439995765686,0.8564399957656861,0.6955999732017517,1,0.8909000158309937,10,0.6955999732017517,1,0.8909000158309937,10
,loss,10,5.756500065326691,0.5756500065326691,1.2819000482559204,1,0.4065000116825104,10,0.4065000116825104,10,1.2819000482559204,1
,val_acc,10,8.794599950313568,0.8794599950313569,0.8319000005722046,1,0.8966000080108643,10,0.8319000005722046,1,0.8966000080108643,10
,val_loss,10,4.8885000348091125,0.48885000348091123,0.8111000061035156,1,0.38119998574256897,10,0.38119998574256897,10,0.8111000061035156,1
